Player Name,Rank,Position,Rookie,Status,Price,Owner
Jahmyr Gibbs,1,RB,No,Owned,$42,Tyler Bulger
Ja'Marr Chase,2,WR,No,Franchise Tagged,$74,Scott Moran
Bijan Robinson,3,RB,No,Franchise Tagged,$100,Tim Meyers
Puka Nacua,4,WR,No,Owned,$1,Nick Scott
Jaxon Smith-Njigba,5,WR,No,Owned,$32,Tyler Bulger
Amon-Ra St. Brown,6,WR,No,Franchise Tagged,$74,Nick Scott
Jonathan Taylor,7,RB,No,Owned,$77,Zach Moore
CeeDee Lamb,8,WR,No,Free Agent,,
James Cook,9,RB,No,Owned,$19,Nick Meyer
Justin Jefferson,10,WR,No,Owned,$13,Brad Wandell
Christian McCaffrey,11,RB,No,Franchise Tagged,$110,Brent Alexander
Drake London,12,WR,No,Free Agent,,
A.J. Brown,13,WR,No,Free Agent,,
Derrick Henry,14,RB,No,Free Agent,,
Saquon Barkley,15,RB,No,Free Agent,,
Ashton Jeanty,16,RB,No,Owned,$83,Nick Meyer
Nico Collins,17,WR,No,Free Agent,,
Brock Bowers,18,TE,No,Owned,$20,Corey Whitehead & Rob Green
George Pickens,19,WR,No,Owned,$15,Zach Moore
Chase Brown,20,RB,No,Owned,$51,Ryan Hossick
Trey McBride,21,TE,No,Owned,$3,Josh Sacks
Omarion Hampton,22,RB,No,Owned,$49,Ryan Hossick
Josh Allen,23,QB,No,Owned,$39,Johnny Goodwin
Kenneth Walker,24,RB,No,Owned,$29,Johnny Goodwin
De'Von Achane,25,RB,No,Free Agent,,
Malik Nabers,26,WR,No,Owned,$56,Nick Scott
Chris Olave,27,WR,No,Owned,$24,Nick Scott
Rashee Rice,28,WR,No,Owned,$20,Johnny Goodwin
Lamar Jackson,29,QB,No,Free Agent,,
Kyren Williams,30,RB,No,Free Agent,,
Tee Higgins,31,WR,No,Free Agent,,
Zay Flowers,32,WR,No,Owned,$17,Brad Wandell
DeVonta Smith,33,WR,No,Free Agent,,
Drake Maye,34,QB,No,Owned,$2,Nick Scott
Javonte Williams,35,RB,No,Free Agent,,
Josh Jacobs,36,RB,No,Free Agent,,
Tetairoa McMillan,37,WR,No,Owned,$36,Nick Scott
Emeka Egbuka,38,WR,No,Owned,$35,Nick Meyer
Colston Loveland,39,TE,No,Owned,$12,Brad Wandell
Breece Hall,40,RB,No,Free Agent,,
Joe Burrow,41,QB,No,Free Agent,,
Ladd McConkey,42,WR,No,Owned,$18,Corey Whitehead & Rob Green
Jaylen Waddle,43,WR,No,Free Agent,,
Jeremiyah Love,44,RB,Yes,Free Agent,,
Jameson Williams,45,WR,No,Owned,$35,Zach Moore
Davante Adams,46,WR,No,Free Agent,,
Terry McLaurin,47,WR,No,Free Agent,,
Travis Etienne,48,RB,No,Free Agent,,
Christian Watson,49,WR,No,Owned,$1,Ryan Hossick
Garrett Wilson,50,WR,No,Owned,$19,Tim Meyers
D'Andre Swift,51,RB,No,Free Agent,,
Jayden Daniels,52,QB,No,Owned,$33,Scott Moran
Cam Skattebo,53,RB,No,Owned,$8,Tim Meyers
Quinshon Judkins,54,RB,No,Owned,$24,Tyler Bulger
Rome Odunze,55,WR,No,Owned,$41,Josh Sacks
David Montgomery,56,RB,No,Free Agent,,
Jalen Hurts,57,QB,No,Owned,$24,Tyler Bulger
Luther Burden,58,WR,No,Owned,$10,Tyler Bulger
Bucky Irving,59,RB,No,Owned,$10,Scott Moran
Mike Evans,60,WR,No,Free Agent,,
Tucker Kraft,61,TE,No,Owned,$6,Tim Meyers
DJ Moore,62,WR,No,Free Agent,,
Tyler Warren,63,TE,No,Owned,$14,Tim Meyers
Bhayshul Tuten,64,RB,No,Owned,$13,Scott Moran
TreVeyon Henderson,65,RB,No,Owned,$50,Zach Moore
Caleb Williams,66,QB,No,Owned,$30,Brad Wandell
Jadarian Price,67,RB,Yes,Free Agent,,
Justin Herbert,68,QB,No,Free Agent,,
Parker Washington,69,WR,No,Owned,$5,Tyler Bulger
Marvin Harrison,70,WR,No,Owned,$55,Zach Moore
Brian Thomas,71,WR,No,Owned,$19,Nick Meyer
Trevor Lawrence,72,QB,No,Free Agent,,
Jaylen Warren,73,RB,No,Free Agent,,
Rhamondre Stevenson,74,RB,No,Free Agent,,
Tony Pollard,75,RB,No,Free Agent,,
Carnell Tate,76,WR,Yes,Free Agent,,
Sam LaPorta,77,TE,No,Free Agent,,
Dak Prescott,78,QB,No,Free Agent,,
DK Metcalf,79,WR,No,Free Agent,,
Rico Dowdle,80,RB,No,Free Agent,,
Courtland Sutton,81,WR,No,Free Agent,,
J.K. Dobbins,82,RB,No,Free Agent,,
Blake Corum,83,RB,No,Free Agent,,
Alec Pierce,84,WR,No,Owned,$2,Johnny Goodwin
Harold Fannin,85,TE,No,Owned,$3,Scott Moran
Kyle Pitts,86,TE,No,Free Agent,,
Quentin Johnston,87,WR,No,Owned,$33,Johnny Goodwin
Chris Godwin,88,WR,No,Free Agent,,
Jonathon Brooks,89,RB,No,Owned,$2,Nick Scott
Jacory Croskey-Merritt,90,RB,No,Owned,$15,Johnny Goodwin
Brock Purdy,91,QB,No,Owned,$7,Corey Whitehead & Rob Green
George Kittle,92,TE,No,Free Agent,,
Jaxson Dart,93,QB,No,Owned,$5,Zach Moore
Chuba Hubbard,94,RB,No,Free Agent,,
Jordan Addison,95,WR,No,Owned,$33,Nick Meyer
Kyle Monangai,96,RB,No,Free Agent,,
Jordan Mason,97,RB,No,Owned,$1,Scott Moran
Patrick Mahomes,98,QB,No,Free Agent,,
Bo Nix,99,QB,No,Owned,$4,Nick Meyer
Michael Wilson,100,WR,No,Owned,$5,Ryan Hossick
Dalton Kincaid,101,TE,No,Free Agent,,
Matthew Stafford,102,QB,No,Free Agent,,
Jared Goff,103,QB,No,Owned,$5,Scott Moran
Jayden Reed,104,WR,No,Owned,$8,Josh Sacks
Makai Lemon,105,WR,Yes,Free Agent,,
RJ Harvey,106,RB,No,Owned,$33,Nick Scott
Travis Kelce,107,TE,No,Free Agent,,
Michael Pittman,108,WR,No,Owned,$10,Scott Moran
Rachaad White,109,RB,No,Free Agent,,
Kyler Murray,110,QB,No,Free Agent,,
Dallas Goedert,111,TE,No,Free Agent,,
Isaiah Likely,112,TE,No,Owned,$3,Zach Moore
Mark Andrews,113,TE,No,Owned,$5,Scott Moran
Jakobi Meyers,114,WR,No,Free Agent,,
Kenny Gainwell,115,RB,No,Owned,$5,Brent Alexander
Chris Rodriguez,116,RB,No,Owned,$3,Josh Sacks
Josh Downs,117,WR,No,Owned,$6,Nick Meyer
Aaron Jones,118,RB,No,Free Agent,,
Xavier Worthy,119,WR,No,Free Agent,,
Baker Mayfield,120,QB,No,Free Agent,,
Jordan Love,121,QB,No,Owned,$5,Tim Meyers
Wan'Dale Robinson,122,WR,No,Owned,$8,Zach Moore
Tyler Shough,123,QB,No,Owned,$5,Corey Whitehead & Rob Green
Stefon Diggs,124,WR,No,Free Agent,,
Matthew Golden,125,WR,No,Owned,$37,Brad Wandell
Jayden Higgins,125,WR,No,Owned,$21,Nick Meyer
Jordyn Tyson,126,WR,Yes,Free Agent,,
Jake Ferguson,127,TE,No,Free Agent,,
Tyler Allgeier,128,RB,No,Free Agent,,
Romeo Doubs,129,WR,No,Owned,$3,Nick Meyer
KC Concepcion,130,WR,Yes,Free Agent,,
Woody Marks,131,RB,No,Owned,$7,Brad Wandell
Zach Charbonnet,132,RB,No,Free Agent,,
Tyrone Tracy,133,RB,No,Owned,$4,Johnny Goodwin
Malik Willis,134,QB,No,Free Agent,,
Jalen Coker,135,WR,No,Owned,$1,Scott Moran
Rashid Shaheed,136,WR,No,Free Agent,,
Khalil Shakir,137,WR,No,Owned,$10,Johnny Goodwin
Sam Darnold,138,QB,No,Free Agent,,
Juwan Johnson,139,TE,No,Free Agent,,
Tank Bigsby,140,RB,No,Free Agent,,
Keaton Mitchell,141,RB,No,Owned,$7,Scott Moran
C.J. Stroud,142,QB,No,Owned,$12,Ryan Hossick
Isiah Pacheco,143,RB,No,Owned,$3,Corey Whitehead & Rob Green
Jonah Coleman,144,RB,Yes,Free Agent,,
Deebo Samuel,145,WR,No,Free Agent,,
Hunter Henry,146,TE,No,Free Agent,,
De'Zhaun Stribling,147,WR,Yes,Free Agent,,
Alvin Kamara,148,RB,No,Free Agent,,
Brenton Strange,149,TE,No,Owned,$1,Zach Moore
Tyjae Spears,150,RB,No,Free Agent,,
Brian Robinson,151,RB,No,Owned,$9,Josh Sacks
Daniel Jones,152,QB,No,Free Agent,,
Denzel Boston,153,WR,Yes,Free Agent,,
Dylan Sampson,154,RB,No,Free Agent,,
Cam Ward,155,QB,No,Owned,$16,Ryan Hossick
Chig Okonkwo,156,TE,No,Owned,$1,Ryan Hossick
Braelon Allen,157,RB,No,Free Agent,,
Oronde Gadsden,159,TE,No,Owned,$1,Corey Whitehead & Rob Green
Jauan Jennings,160,WR,No,Free Agent,,
Adonai Mitchell,161,WR,No,Owned,$7,Corey Whitehead & Rob Green
Jalen McMillan,162,WR,No,Owned,$5,Corey Whitehead & Rob Green
Jerry Jeudy,163,WR,No,Free Agent,,
Tre Tucker,164,WR,No,Owned,$1,Brent Alexander
Bryce Young,165,QB,No,Free Agent,,
Travis Hunter,169,WR,No,Owned,$30,Tyler Bulger
Omar Cooper Jr.,170,WR,Yes,Free Agent,,
Tre' Harris,171,WR,No,Free Agent,,
Sean Tucker,172,RB,No,Owned,$2,Corey Whitehead & Rob Green
MarShawn Lloyd,173,RB,No,Free Agent,,
Emmett Johnson,174,RB,Yes,Free Agent,,
Terrance Ferguson,175,TE,No,Free Agent,,
Ray Davis,177,RB,No,Free Agent,,
Jalen Nailor,178,WR,No,Owned,$5,Brent Alexander
AJ Barner,179,TE,No,Owned,$5,Nick Meyer
Mike Washington Jr.,180,RB,Yes,Free Agent,,
Kimani Vidal,181,RB,No,Owned,$5,Brent Alexander
Kayshon Boutte,182,WR,No,Owned,$2,Brad Wandell
Nicholas Singleton,183,RB,Yes,Free Agent,,
Emanuel Wilson,188,RB,No,Free Agent,,
Ryan Flournoy,189,WR,No,Free Agent,,
Dontayvion Wicks,191,WR,No,Free Agent,,
Calvin Ridley,192,WR,No,Free Agent,,
Dalton Schultz,193,TE,No,Free Agent,,
Kenyon Sadiq,194,TE,Yes,Free Agent,,
Kaytron Allen,195,RB,Yes,Free Agent,,
Jacoby Brissett,199,QB,No,Free Agent,,
James Conner,200,RB,No,Free Agent,,
Rashod Bateman,202,WR,No,Free Agent,,
Isaac TeSlaa,203,WR,No,Owned,$3,Johnny Goodwin
Pat Bryant,204,WR,No,Owned,$9,Scott Moran
Malik Washington,205,WR,No,Free Agent,,
Jaydon Blue,208,RB,No,Free Agent,,
Tank Dell,209,WR,No,Owned,$11,Brad Wandell
T.J. Hockenson,210,TE,No,Free Agent,,
Troy Franklin,213,WR,No,Free Agent,,
Jaylin Noel,214,WR,No,Owned,$3,Nick Scott
Darnell Mooney,217,WR,No,Free Agent,,
Pat Freiermuth,218,TE,No,Owned,$5,Nick Scott
Jaylen Wright,219,RB,No,Free Agent,,
Gunnar Helm,220,TE,No,Free Agent,,
Antonio Williams,223,WR,Yes,Free Agent,,
Zachariah Branch,226,WR,Yes,Free Agent,,
Aaron Rodgers,228,QB,No,Free Agent,,
Ollie Gordon,231,RB,No,Free Agent,,
George Holani,232,RB,No,Free Agent,,
Geno Smith,233,QB,No,Free Agent,,
Cade Otton,234,TE,No,Owned,$3,Ryan Hossick
Cooper Kupp,235,WR,No,Free Agent,,
Demond Claiborne,237,RB,Yes,Free Agent,,
Greg Dulcich,239,TE,No,Free Agent,,
Germie Bernard,240,WR,Yes,Free Agent,,
David Njoku,241,TE,No,Free Agent,,
Keenan Allen,242,WR,No,Free Agent,,
Chimere Dike,243,WR,No,Free Agent,,
Elic Ayomanor,244,WR,No,Owned,$3,Ryan Hossick
Keon Coleman,246,WR,No,Owned,$15,Nick Meyer
Kaelon Black,247,RB,Yes,Free Agent,,
Ted Hurst III,248,WR,Yes,Free Agent,,
Colby Parkinson,249,TE,No,Free Agent,,
Isaiah Davis,251,RB,No,Free Agent,,
Jordan James,252,RB,No,Owned,$1,Nick Scott
Justice Hill,253,RB,No,Owned,$1,Johnny Goodwin
Evan Engram,254,TE,No,Free Agent,,
Tory Horton,255,WR,No,Owned,$4,Scott Moran
Ja'Kobi Lane,256,WR,Yes,Free Agent,,
Chris Brooks,257,RB,No,Free Agent,,
Fernando Mendoza,258,QB,Yes,Free Agent,,
Malachi Fields,259,WR,Yes,Free Agent,,
Jack Bech,260,WR,No,Owned,$2,Tyler Bulger
Elijah Sarratt,261,WR,Yes,Free Agent,,
Chris Bell,262,WR,Yes,Free Agent,,
Tyquan Thornton,263,WR,No,Free Agent,,
Ty Johnson,264,RB,No,Free Agent,,
Malik Davis,265,RB,No,Free Agent,,
Samaje Perine,266,RB,No,Free Agent,,
Eli Stowers,267,TE,Yes,Free Agent,,
Christian Kirk,268,WR,No,Free Agent,,
Theo Johnson,269,TE,No,Owned,$3,Corey Whitehead & Rob Green
Caleb Douglas,270,WR,Yes,Free Agent,,
Tua Tagovailoa,271,QB,No,Free Agent,,
DJ Giddens,272,RB,No,Free Agent,,
Devin Neal,273,RB,No,Owned,$3,Brad Wandell
Darius Slayton,276,WR,No,Free Agent,,
Devaughn Vele,277,WR,No,Free Agent,,
Marvin Mims,278,WR,No,Owned,$7,Brad Wandell
LeQuint Allen,279,RB,No,Owned,$1,Josh Sacks
Mason Taylor,280,TE,No,Free Agent,,
Trey Benson,281,RB,No,Free Agent,,
Xavier Legette,282,WR,No,Free Agent,,
Kaleb Johnson,285,RB,No,Free Agent,,
Seth McGowan,286,RB,Yes,Free Agent,,
Cyrus Allen,287,WR,Yes,Free Agent,,
Oscar Delp,288,TE,Yes,Free Agent,,
Najee Harris,289,RB,No,Free Agent,,
Devin Singletary,290,RB,No,Free Agent,,
Adam Randall,292,RB,Yes,Free Agent,,
Kyle Williams,293,WR,No,Owned,$5,Brad Wandell
Kendre Miller,294,RB,No,Free Agent,,
Emari Demercado,295,RB,No,Free Agent,,
Michael Penix,296,QB,No,Free Agent,,
Shedeur Sanders,297,QB,No,Owned,$1,Brad Wandell
Kirk Cousins,298,QB,No,Free Agent,,
Brandon Aiyuk,299,WR,No,Free Agent,,
Mike Gesicki,300,TE,No,Free Agent,,
Brashard Smith,301,RB,No,Owned,$2,Nick Scott
Deshaun Watson,302,QB,No,Free Agent,,
Hollywood Brown,303,WR,No,Free Agent,,
Skyler Bell,304,WR,Yes,Free Agent,,
Mack Hollins,305,WR,No,Free Agent,,
Jerome Ford,306,RB,No,Free Agent,,
Trevor Etienne,307,RB,No,Free Agent,,
Isaiah Bond,308,WR,No,Free Agent,,
Jake Tonges,309,TE,No,Free Agent,,
Andrei Iosivas,312,WR,No,Free Agent,,
Tyreek Hill,313,WR,No,Free Agent,,
Isaac Guerendo,314,RB,No,Owned,$1,Zach Moore
Jarquez Hunter,315,RB,No,Owned,$3,Nick Scott
Tahj Brooks,317,RB,No,Owned,$3,Nick Meyer
Darnell Washington,318,TE,No,Free Agent,,
Jaleel McLaughlin,319,RB,No,Free Agent,,
Audric Estime,320,RB,No,Free Agent,,
Will Shipley,321,RB,No,Free Agent,,
Darren Waller,322,TE,No,Free Agent,,
Michael Mayer,323,TE,No,Free Agent,,
Jahan Dotson,324,WR,No,Free Agent,,
Elijah Arroyo,325,TE,No,Owned,$1,Nick Meyer
Jalen Tolbert,326,WR,No,Free Agent,,
Tez Johnson,328,WR,No,Free Agent,,
Konata Mumpfield,329,WR,No,Free Agent,,
J.J. McCarthy,330,QB,No,Owned,$3,Nick Scott
DeMario Douglas,331,WR,No,Free Agent,,
Kareem Hunt,332,RB,No,Free Agent,,
Tyler Higbee,333,TE,No,Free Agent,,
Cedric Tillman,334,WR,No,Free Agent,,
Carson Beck,335,QB,Yes,Free Agent,,
Max Klare,336,TE,Yes,Free Agent,,
Joe Mixon,337,RB,No,Free Agent,,
Calvin Austin,338,WR,No,Free Agent,,
Luke McCaffrey,339,WR,No,Free Agent,,
Chris Brazzell II,340,WR,Yes,Free Agent,,
Cole Kmet,341,TE,No,Free Agent,,
Jalen Royals,342,WR,No,Free Agent,,
Brenen Thompson,343,WR,Yes,Free Agent,,
Bryce Lance,344,WR,Yes,Free Agent,,
Dawson Knox,345,TE,No,Free Agent,,
Eli Raridon,346,TE,Yes,Free Agent,,
Noah Gray,347,TE,No,Free Agent,,
Mac Jones,349,QB,No,Free Agent,,
Eli Heidenreich,350,RB,Yes,Free Agent,,
Olamide Zaccheaus,351,WR,No,Free Agent,,
Justin Joly,352,TE,Yes,Free Agent,,
Erick All,353,TE,No,Owned,$1,Nick Scott
Charlie Kolar,355,TE,No,Free Agent,,
Bam Knight,356,RB,No,Free Agent,,
Ja'Tavion Sanders,357,TE,No,Free Agent,,
Justin Fields,359,QB,No,Owned,$2,Josh Sacks
Michael Carter,361,RB,No,Free Agent,,
Kendrick Bourne,362,WR,No,Free Agent,,
Joshua Palmer,363,WR,No,Free Agent,,
Treylon Burks,364,WR,No,Free Agent,,
Ty Simpson,365,QB,Yes,Free Agent,,
Kevin Coleman Jr.,367,WR,Yes,Free Agent,,
Jawhar Jordan,369,RB,No,Free Agent,,
Tutu Atwell,370,WR,No,Free Agent,,
J'Mari Taylor,371,RB,Yes,Free Agent,,
KaVontae Turpin,372,WR,No,Free Agent,,
Dont'e Thornton,373,WR,No,Free Agent,,
Xavier Hutchinson,374,WR,No,Free Agent,,
Nick Chubb,376,RB,No,Free Agent,,
Raheim Sanders,377,RB,No,Free Agent,,
Savion Williams,379,WR,No,Owned,$1,Nick Scott
Phil Mafah,380,RB,No,Owned,$1,Josh Sacks
Noah Fant,381,TE,No,Free Agent,,
Malik Benson,383,WR,Yes,Free Agent,,
Zavion Thomas,384,WR,Yes,Free Agent,,
Jaylin Lane,386,WR,No,Owned,$2,Josh Sacks
Nick Westbrook-Ikhine,387,WR,No,Free Agent,,
John Metchie III,388,WR,No,Free Agent,,
Kalif Raymond,389,WR,No,Free Agent,,
Roman Wilson,390,WR,No,Free Agent,,
Anthony Richardson,391,QB,No,Free Agent,,
Joe Flacco,395,QB,No,Free Agent,,
CJ Daniels,396,WR,Yes,Free Agent,,
Jam Miller,397,RB,Yes,Free Agent,,
Mitchell Evans,398,TE,No,Free Agent,,
Austin Ekeler,400,RB,No,Free Agent,,
Luke Musgrave,402,TE,No,Free Agent,,
Jameis Winston,403,QB,No,Free Agent,,
Tommy Tremble,404,TE,No,Free Agent,,
Sione Vaki,406,RB,No,Free Agent,,
Ben Sinnott,407,TE,No,Free Agent,,
Daniel Bellinger,408,TE,No,Free Agent,,
Rasheen Ali,410,RB,No,Free Agent,,
Devontez Walker,411,WR,No,Owned,$1,Brad Wandell
John Bates,413,TE,No,Free Agent,,
Roschon Johnson,415,RB,No,Free Agent,,
Dameon Pierce,416,RB,No,Free Agent,,
Demarcus Robinson,419,WR,No,Free Agent,,
Jeremy McNichols,420,RB,No,Free Agent,,
Kyle Juszczyk,421,RB,No,Free Agent,,
Cade Klubnik,422,QB,Yes,Free Agent,,
Damien Martinez,423,RB,No,Free Agent,,
Jordan Whittington,424,WR,No,Free Agent,,
Zavier Scott,425,RB,No,Free Agent,,
Terrell Jennings,426,RB,No,Free Agent,,
Jaret Patterson,427,RB,No,Free Agent,,
Khalil Herbert,429,RB,No,Free Agent,,
Tommy Myers,430,TE,No,Free Agent,,
Tyler Goodson,431,RB,No,Free Agent,,
Ashton Dulin,432,WR,No,Free Agent,,
Colbie Young,433,WR,Yes,Free Agent,,
Marcus Mariota,434,QB,No,Free Agent,,
Odell Beckham Jr.,435,WR,No,Free Agent,,
Tai Felton,436,WR,No,Owned,$1,Nick Scott
Jonnu Smith,437,TE,No,Free Agent,,
Marlin Klein,438,TE,Yes,Free Agent,,
Ty Chandler,439,RB,No,Free Agent,,
Joe Milton III,440,QB,No,Free Agent,,
Robert Henry Jr.,441,RB,Yes,Free Agent,,
Dyami Brown,442,WR,No,Free Agent,,
Dylan Laube,443,RB,No,Free Agent,,
Riley Leonard,444,QB,No,Free Agent,,
Deion Burks,445,WR,Yes,Free Agent,,
Frank Gore Jr.,446,RB,No,Free Agent,,
Taysom Hill,447,TE,No,Free Agent,,
Zach Ertz,448,TE,No,Free Agent,,
Xavier Smith,449,WR,No,Free Agent,,
Miles Sanders,450,RB,No,Free Agent,,
Donovan Edwards,451,RB,No,Free Agent,,
Jalen Reagor,452,WR,No,Free Agent,,
Will Kacmarek,453,TE,Yes,Free Agent,,
Elijah Tau-Tolliver,453,RB,Yes,Free Agent,,
Cash Jones,454,RB,Yes,Free Agent,,
Jahdae Walker,454,WR,No,Free Agent,,
Roman Hemby,455,RB,Yes,Free Agent,,
Jakobie Keeney-James,456,WR,No,Free Agent,,
Antwane Wells,456,WR,No,Free Agent,,
Scotty Miller,457,WR,No,Free Agent,,
Isaiah Williams,457,WR,No,Free Agent,,
Xavier Restrepo,458,WR,No,Free Agent,,
Theo Wease Jr.,459,WR,No,Free Agent,,
Kendric Pryor,460,WR,No,Free Agent,,
Austin Hooper,460,TE,No,Free Agent,,
Greg Dortch,461,WR,No,Free Agent,,
Barion Brown,462,WR,No,Free Agent,,
Hunter Luepke,463,RB,No,Free Agent,,
Jacob Saylors,463,RB,No,Free Agent,,
Jaydn Ott,464,RB,Yes,Free Agent,,
Kevin Austin Jr.,464,WR,No,Free Agent,,
Kalel Mullings,465,RB,No,Owned,$1,Josh Sacks
DeAndre Hopkins,466,WR,No,Free Agent,,
AJ Dillon,466,RB,No,Free Agent,,
Mo Alie-Cox,467,TE,No,Free Agent,,
Myles Montgomery,467,RB,Yes,Free Agent,,
Adam Trautman,468,TE,No,Free Agent,,
Jackson Hawes,469,TE,No,Free Agent,,
Brandin Cooks,470,WR,No,Free Agent,,
Jake Bobo,470,WR,No,Free Agent,,
Nate Boerkircher,471,TE,Yes,Free Agent,,
Miles Davis,472,RB,No,Free Agent,,
Ronnie Rivers,473,RB,No,Free Agent,,
Tyler Lockett,474,WR,No,Free Agent,,
Antonio Gibson,475,RB,No,Free Agent,,
Elijah Higgins,476,TE,No,Free Agent,,
Jeshaun Jones,476,WR,No,Free Agent,,
Marquez Valdes-Scantling,477,WR,No,Free Agent,,
Ameer Abdullah,478,RB,No,Free Agent,,
Mitch Tinsley,478,WR,No,Free Agent,,
Chris Blair,479,WR,No,Free Agent,,
Jacardia Wright,479,RB,No,Free Agent,,
Quinn Ewers,480,QB,No,Free Agent,,
Noah Whittington,481,RB,No,Free Agent,,
Reggie Virgil,482,WR,Yes,Free Agent,,
Tanner Koziol,483,TE,Yes,Free Agent,,
Kenny McIntosh,484,RB,No,Free Agent,,
Matt Hibner,485,TE,No,Free Agent,,
Elijah Mitchell,486,RB,No,Free Agent,,
Michael Woods,487,WR,No,Free Agent,,
Dean Connors,487,RB,Yes,Free Agent,,
Josh Oliver,488,TE,No,Free Agent,,
Tim Patrick,489,WR,No,Free Agent,,
Tyler Conklin,490,TE,No,Free Agent,,
Luke Schoonmaker,491,TE,No,Free Agent,,
Pierre Strong Jr.,491,RB,No,Free Agent,,
Jordan Watkins,492,WR,No,Free Agent,,
Gardner Minshew II,492,QB,No,Free Agent,,
Van Jefferson,493,WR,No,Free Agent,,
Elijah Moore,493,WR,No,Free Agent,,
Sam Roush,494,TE,No,Free Agent,,
Drew Sample,494,TE,No,Free Agent,,
Trey Lance,495,QB,No,Free Agent,,
Brock Wright,495,TE,No,Free Agent,,
Jalen Milroe,496,QB,No,Owned,$5,Zach Moore
Jimmy Horn Jr.,497,WR,No,Free Agent,,
Tanner Hudson,498,TE,No,Free Agent,,
Michael Trigg,498,TE,No,Free Agent,,
JuJu Smith-Schuster,499,WR,No,Free Agent,,
Anthony Schwartz,502,WR,No,Free Agent,,
Cade Stover,503,TE,No,Free Agent,,
Danny Gray,504,WR,No,Owned,$2,Josh Sacks
Isaiah Spiller,505,RB,No,Free Agent,,
Javon Baker,507,WR,No,Free Agent,,
John Metchie III,509,WR,No,Free Agent,,
Justyn Ross,510,WR,No,Free Agent,,
Kameron Johnson,512,WR,Yes,Free Agent,,
Marquise Brown,513,WR,No,Free Agent,,
Ricky Pearsall,514,WR,No,Free Agent,,
Sterling Shepard,515,WR,No,Free Agent,,
Terrace Marshall,516,WR,No,Free Agent,,
Tyler Scott,517,WR,No,Free Agent,,
Tyrell Shavers,518,WR,No,Free Agent,,
Zonovan Knight,519,RB,No,Free Agent,,