"RK",TIERS,"PLAYER NAME",TEAM,"POS","BYE WEEK","UPSIDE ","BUST ","SOS SEASON","ECR VS. ADP"
"1",1,"Jahmyr Gibbs",DET,"RB1","6","5 out of 5","1 out of 5","5 out of 5 stars","0"
"2",1,"Ja'Marr Chase",CIN,"WR1","6","5 out of 5","1 out of 5","4 out of 5 stars","+1"
"3",1,"Bijan Robinson",ATL,"RB2","11","5 out of 5","1 out of 5","2 out of 5 stars","-1"
"4",1,"Puka Nacua",LAR,"WR2","11","5 out of 5","2 out of 5","1 out of 5 stars","+2"
"5",2,"Jaxon Smith-Njigba",SEA,"WR3","11","5 out of 5","2 out of 5","3 out of 5 stars","+3"
"6",2,"Amon-Ra St. Brown",DET,"WR4","6","5 out of 5","1 out of 5","4 out of 5 stars","+5"
"7",2,"Jonathan Taylor",IND,"RB3","13","4 out of 5","3 out of 5","4 out of 5 stars","-2"
"8",2,"CeeDee Lamb",DAL,"WR5","14","4 out of 5","2 out of 5","2 out of 5 stars","+5"
"9",2,"James Cook III",BUF,"RB4","7","5 out of 5","2 out of 5","2 out of 5 stars","-2"
"10",2,"Justin Jefferson",MIN,"WR6","6","","","5 out of 5 stars","+6"
"11",2,"Christian McCaffrey",SF,"RB5","8","4 out of 5","4 out of 5","2 out of 5 stars","-7"
"12",3,"Drake London",ATL,"WR7","11","","","3 out of 5 stars","+8"
"13",3,"A.J. Brown",NE,"WR8","11","","","2 out of 5 stars","+15"
"14",3,"Derrick Henry",BAL,"RB6","13","","","3 out of 5 stars","0"
"15",3,"Saquon Barkley",PHI,"RB7","10","","","4 out of 5 stars","0"
"16",3,"Ashton Jeanty",LV,"RB8","13","","","2 out of 5 stars","-6"
"17",3,"Nico Collins",HOU,"WR9","8","","","3 out of 5 stars","+10"
"18",3,"Brock Bowers",LV,"TE1","13","5 out of 5","2 out of 5","3 out of 5 stars","+6"
"19",3,"George Pickens",DAL,"WR10","14","","","2 out of 5 stars","+7"
"20",3,"Chase Brown",CIN,"RB9","6","","","2 out of 5 stars","-3"
"21",4,"Trey McBride",ARI,"TE2","14","4 out of 5","2 out of 5","2 out of 5 stars","0"
"22",4,"Omarion Hampton",LAC,"RB10","7","","","3 out of 5 stars","-10"
"23",4,"Josh Allen",BUF,"QB1","7","5 out of 5","2 out of 5","3 out of 5 stars","-5"
"24",4,"Kenneth Walker III",KC,"RB11","5","","","3 out of 5 stars","-5"
"25",4,"De'Von Achane",MIA,"RB12","6","","","3 out of 5 stars","-16"
"26",4,"Malik Nabers",NYG,"WR11","8","","","4 out of 5 stars","+6"
"",4
"27",4,"Chris Olave",NO,"WR12","8","","","3 out of 5 stars","+2"
"28",4,"Rashee Rice",KC,"WR13","5","","","2 out of 5 stars","+6"
"29",4,"Lamar Jackson",BAL,"QB2","13","4 out of 5","3 out of 5","3 out of 5 stars","+4"
"30",4,"Kyren Williams",LAR,"RB13","11","","","5 out of 5 stars","-8"
"31",4,"Tee Higgins",CIN,"WR14","6","","","4 out of 5 stars","+10"
"32",4,"Zay Flowers",BAL,"WR15","13","","","4 out of 5 stars","+10"
"33",4,"DeVonta Smith",PHI,"WR16","10","","","4 out of 5 stars","+13"
"34",4,"Drake Maye",NE,"QB3","11","5 out of 5","2 out of 5","2 out of 5 stars","+20"
"35",4,"Javonte Williams",DAL,"RB14","14","","","4 out of 5 stars","-5"
"36",4,"Josh Jacobs",GB,"RB15","11","","","4 out of 5 stars","-11"
"37",5,"Tetairoa McMillan",CAR,"WR17","5","","","2 out of 5 stars","+2"
"38",5,"Emeka Egbuka",TB,"WR18","10","","","4 out of 5 stars","+7"
"39",5,"Colston Loveland",CHI,"TE3","10","5 out of 5","2 out of 5","2 out of 5 stars","+10"
"40",5,"Breece Hall",NYJ,"RB16","13","","","3 out of 5 stars","-9"
"41",5,"Joe Burrow",CIN,"QB4","6","4 out of 5","3 out of 5","3 out of 5 stars","+15"
"42",5,"Ladd McConkey",LAC,"WR19","7","","","2 out of 5 stars","+6"
"43",5,"Jaylen Waddle",DEN,"WR20","10","","","2 out of 5 stars","+7"
"44",5,"Jeremiyah Love",ARI,"RB17","14","","","2 out of 5 stars","-21"
"45",5,"Jameson Williams",DET,"WR21","6","","","4 out of 5 stars","+12"
"46",5,"Davante Adams",LAR,"WR22","11","","","1 out of 5 stars","+9"
"47",5,"Terry McLaurin",WAS,"WR23","7","","","2 out of 5 stars","+12"
"48",5,"Travis Etienne Jr.",NO,"RB18","8","","","3 out of 5 stars","-12"
"49",5,"Christian Watson",GB,"WR24","11","","","5 out of 5 stars","+18"
"50",6,"Garrett Wilson",NYJ,"WR25","13","","","4 out of 5 stars","-10"
"51",6,"D'Andre Swift",CHI,"RB19","10","","","2 out of 5 stars","+2"
"52",6,"Jayden Daniels",WAS,"QB5","7","4 out of 5","4 out of 5","2 out of 5 stars","+11"
"53",6,"Cam Skattebo",NYG,"RB20","8","","","4 out of 5 stars","-16"
"54",6,"Quinshon Judkins",CLE,"RB21","11","","","3 out of 5 stars","-16"
"55",6,"Rome Odunze",CHI,"WR26","10","","","3 out of 5 stars","+11"
"56",6,"David Montgomery",HOU,"RB22","8","","","4 out of 5 stars","-5"
"57",6,"Jalen Hurts",PHI,"QB6","10","","","5 out of 5 stars","+13"
"58",6,"Luther Burden III",CHI,"WR27","10","","","3 out of 5 stars","-15"
"59",6,"Bucky Irving",TB,"RB23","10","","","2 out of 5 stars","-24"
"60",6,"Mike Evans",SF,"WR28","8","","","2 out of 5 stars","+1"
"61",6,"Tucker Kraft",GB,"TE4","11","5 out of 5","2 out of 5","2 out of 5 stars","+12"
"62",6,"DJ Moore",BUF,"WR29","7","","","4 out of 5 stars","-10"
"63",6,"Tyler Warren",IND,"TE5","13","4 out of 5","2 out of 5","3 out of 5 stars","-5"
"64",6,"Bhayshul Tuten",JAC,"RB24","7","","","4 out of 5 stars","-17"
"65",6,"TreVeyon Henderson",NE,"RB25","11","","","2 out of 5 stars","-21"
"66",6,"Caleb Williams",CHI,"QB7","10","","","3 out of 5 stars","+20"
"67",6,"Jadarian Price",SEA,"RB26","11","","","4 out of 5 stars","+2"
"68",6,"Justin Herbert",LAC,"QB8","7","","","2 out of 5 stars","+20"
"69",6,"Parker Washington",JAC,"WR30","7","","","4 out of 5 stars","+5"
"70",7,"Marvin Harrison Jr.",ARI,"WR31","14","","","2 out of 5 stars","+14"
"71",7,"Brian Thomas Jr.",JAC,"WR32","7","","","4 out of 5 stars","+6"
"72",7,"Trevor Lawrence",JAC,"QB9","7","","","4 out of 5 stars","+17"
"73",7,"Jaylen Warren",PIT,"RB27","9","","","2 out of 5 stars","-13"
"74",7,"Rhamondre Stevenson",NE,"RB28","11","","","2 out of 5 stars","-9"
"75",7,"Tony Pollard",TEN,"RB29","9","","","3 out of 5 stars","-3"
"76",7,"Carnell Tate",TEN,"WR33","9","","","3 out of 5 stars","-5"
"77",7,"Sam LaPorta",DET,"TE6","6","","","3 out of 5 stars","+10"
"78",7,"Dak Prescott",DAL,"QB10","14","","","2 out of 5 stars","+13"
"79",7,"DK Metcalf",PIT,"WR34","9","","","3 out of 5 stars","+6"
"80",7,"Rico Dowdle",PIT,"RB30","9","","","2 out of 5 stars","-12"
"81",7,"Courtland Sutton",DEN,"WR35","10","","","2 out of 5 stars","-2"
"82",7,"J.K. Dobbins",DEN,"RB31","10","","","2 out of 5 stars","-1"
"83",7,"Blake Corum",LAR,"RB32","11","","","5 out of 5 stars","0"
"84",7,"Alec Pierce",IND,"WR36","13","","","4 out of 5 stars","+14"
"85",7,"Harold Fannin Jr.",CLE,"TE7","11","","","3 out of 5 stars","-21"
"86",7,"Kyle Pitts Sr.",ATL,"TE8","11","","","3 out of 5 stars","-4"
"87",7,"Quentin Johnston",LAC,"WR37","7","","","2 out of 5 stars","+24"
"88",7,"Chris Godwin Jr.",TB,"WR38","10","","","4 out of 5 stars","+2"
"89",7,"Jonathon Brooks",CAR,"RB33","5","","","1 out of 5 stars","+35"
"90",7,"Jacory Croskey-Merritt",WAS,"RB34","7","","","4 out of 5 stars","+7"
"",7
"91",7,"Brock Purdy",SF,"QB11","8","","","1 out of 5 stars","+21"
"92",7,"George Kittle",SF,"TE9","8","","","3 out of 5 stars","+11"
"93",7,"Jaxson Dart",NYG,"QB12","8","","","4 out of 5 stars","-1"
"94",7,"Chuba Hubbard",CAR,"RB35","5","","","1 out of 5 stars","-16"
"95",7,"Jordan Addison",MIN,"WR39","6","","","5 out of 5 stars","+6"
"96",7,"Kyle Monangai",CHI,"RB36","10","","","2 out of 5 stars","-21"
"97",8,"Jordan Mason",MIN,"RB37","6","","","4 out of 5 stars","-1"
"98",8,"Patrick Mahomes II",KC,"QB13","5","","","2 out of 5 stars","+7"
"99",8,"Bo Nix",DEN,"QB14","10","","","3 out of 5 stars","+18"
"100",8,"Michael Wilson",ARI,"WR40","14","","","2 out of 5 stars","-24"
"101",8,"Dalton Kincaid",BUF,"TE10","7","","","3 out of 5 stars","-1"
"102",8,"Matthew Stafford",LAR,"QB15","11","","","3 out of 5 stars","+17"
"103",8,"Jared Goff",DET,"QB16","6","","","5 out of 5 stars","+23"
"104",8,"Jayden Reed",GB,"WR41","11","","","5 out of 5 stars","+19"
"105",8,"Makai Lemon",PHI,"WR42","10","","","4 out of 5 stars","+94"
"106",8,"RJ Harvey",DEN,"RB38","10","","","2 out of 5 stars","-44"
"107",8,"Travis Kelce",KC,"TE11","5","","","4 out of 5 stars","-5"
"108",8,"Michael Pittman Jr.",PIT,"WR43","9","","","3 out of 5 stars","-2"
"109",8,"Rachaad White",WAS,"RB39","7","","","4 out of 5 stars","+9"
"110",8,"Kyler Murray",MIN,"QB17","6","","","5 out of 5 stars","+42"
"111",8,"Dallas Goedert",PHI,"TE12","10","","","4 out of 5 stars","+5"
"112",8,"Isaiah Likely",NYG,"TE13","8","","","3 out of 5 stars","-8"
"113",8,"Mark Andrews",BAL,"TE14","13","","","4 out of 5 stars","-5"
"114",8,"Jakobi Meyers",JAC,"WR44","7","","","4 out of 5 stars","-19"
"115",8,"Kenny Gainwell",TB,"RB40","10","","","2 out of 5 stars","-21"
"116",8,"Chris Rodriguez Jr.",JAC,"RB41","7","","","4 out of 5 stars","+29"
"117",8,"Josh Downs",IND,"WR45","13","","","4 out of 5 stars","-7"
"118",8,"Aaron Jones Sr.",MIN,"RB42","6","","","4 out of 5 stars","-19"
"119",8,"Xavier Worthy",KC,"WR46","5","","","2 out of 5 stars","+12"
"120",8,"Baker Mayfield",TB,"QB18","10","","","2 out of 5 stars","+20"
"121",8,"Jordan Love",GB,"QB19","11","","","4 out of 5 stars","+17"
"122",8,"Wan'Dale Robinson",TEN,"WR47","9","","","3 out of 5 stars","-29"
"123",8,"Tyler Shough",NO,"QB20","8","","","3 out of 5 stars","+23"
"124",8,"Stefon Diggs",WAS,"WR48","7","","","2 out of 5 stars","-2"
"125",9,"Matthew Golden",GB,"WR49","11","","","5 out of 5 stars","+39"
"126",9,"Jordyn Tyson",NO,"WR50","8","","","3 out of 5 stars","-46"
"127",9,"Jake Ferguson",DAL,"TE15","14","","","2 out of 5 stars","-20"
"128",9,"Tyler Allgeier",ARI,"RB43","14","","","2 out of 5 stars","-19"
"129",9,"Romeo Doubs",NE,"WR51","11","","","2 out of 5 stars","-2"
"130",9,"KC Concepcion",CLE,"WR52","11","","","3 out of 5 stars","+7"
"131",9,"Woody Marks",HOU,"RB44","8","","","4 out of 5 stars","-18"
"132",9,"Zach Charbonnet",SEA,"RB45","11","","","4 out of 5 stars","-18"
"133",9,"Tyrone Tracy Jr.",NYG,"RB46","8","","","4 out of 5 stars","-12"
"134",9,"Malik Willis",MIA,"QB21","6","","","3 out of 5 stars","+17"
"135",9,"Jalen Coker",CAR,"WR53","5","","","2 out of 5 stars","+8"
"136",9,"Rashid Shaheed",SEA,"WR54","11","","","3 out of 5 stars","+24"
"137",9,"Khalil Shakir",BUF,"WR55","7","","","4 out of 5 stars","-2"
"138",9,"Sam Darnold",SEA,"QB22","11","","","4 out of 5 stars","+31"
"139",9,"Juwan Johnson",NO,"TE16","8","","","2 out of 5 stars","-19"
"140",9,"Tank Bigsby",PHI,"RB47","10","","","4 out of 5 stars","+18"
"141",9,"Keaton Mitchell",LAC,"RB48","7","","","3 out of 5 stars","+13"
"142",9,"C.J. Stroud",HOU,"QB23","8","","","4 out of 5 stars","+28"
"143",9,"Isiah Pacheco",DET,"RB49","6","","","5 out of 5 stars","+14"
"144",9,"Jonah Coleman",DEN,"RB50","10","","","2 out of 5 stars","-11"
"145",9,"Deebo Samuel Sr.",SF,"WR56","8","","","2 out of 5 stars","-4"
"146",9,"Hunter Henry",NE,"TE17","11","","","4 out of 5 stars","-21"
"147",9,"De'Zhaun Stribling",SF,"WR57","8","","","2 out of 5 stars","+48"
"148",9,"Alvin Kamara",NO,"RB51","8","","","3 out of 5 stars","-20"
"149",9,"Brenton Strange",JAC,"TE18","7","","","3 out of 5 stars","-17"
"150",9,"Tyjae Spears",TEN,"RB52","9","","","3 out of 5 stars","-20"
"151",9,"Brian Robinson Jr.",ATL,"RB53","11","","","2 out of 5 stars","-36"
"152",9,"Daniel Jones",IND,"QB24","13","","","4 out of 5 stars","+45"
"153",9,"Denzel Boston",CLE,"WR58","11","","","3 out of 5 stars","+15"
"154",9,"Dylan Sampson",CLE,"RB54","11","","","3 out of 5 stars","-4"
"155",9,"Cam Ward",TEN,"QB25","9","","","3 out of 5 stars","+34"
"156",9,"Chig Okonkwo",WAS,"TE19","7","","","1 out of 5 stars","-7"
"157",10,"Braelon Allen",NYJ,"RB55","13","","","3 out of 5 stars","+8"
"158",10,"Houston Texans",HOU,"DST1","8","","","2 out of 5 stars","-22"
"159",10,"Oronde Gadsden II",LAC,"TE20","7","","","4 out of 5 stars","-25"
"160",10,"Jauan Jennings",MIN,"WR59","6","","","5 out of 5 stars","-7"
"161",10,"Adonai Mitchell",NYJ,"WR60","13","","","4 out of 5 stars","+33"
"162",10,"Jalen McMillan",TB,"WR61","10","","","4 out of 5 stars","+22"
"163",10,"Jerry Jeudy",CLE,"WR62","11","","","3 out of 5 stars","+8"
"164",10,"Tre Tucker",LV,"WR63","13","","","2 out of 5 stars","+50"
"165",10,"Bryce Young",CAR,"QB26","5","","","2 out of 5 stars","+40"
"166",10,"Denver Broncos",DEN,"DST2","10","","","4 out of 5 stars","-11"
"167",10,"Los Angeles Rams",LAR,"DST3","11","","","2 out of 5 stars","-28"
"168",10,"Seattle Seahawks",SEA,"DST4","11","","","2 out of 5 stars","-20"
"169",10,"Travis Hunter",JAC,"WR64","7","","","4 out of 5 stars","+24"
"170",10,"Omar Cooper Jr.",NYJ,"WR65","13","","","4 out of 5 stars","+2"
"171",10,"Tre' Harris",LAC,"WR66","7","","","2 out of 5 stars","+32"
"172",10,"Sean Tucker",TB,"RB56","10","","","2 out of 5 stars","+8"
"173",10,"MarShawn Lloyd",GB,"RB57","11","","","4 out of 5 stars","+48"
"174",10,"Emmett Johnson",KC,"RB58","5","","","3 out of 5 stars","-8"
"175",10,"Terrance Ferguson",LAR,"TE21","11","","","4 out of 5 stars","+12"
"176",10,"Philadelphia Eagles",PHI,"DST5","10","","","0 out of 5 stars","-14"
"177",10,"Ray Davis",BUF,"RB59","7","","","2 out of 5 stars","+21"
"178",10,"Jalen Nailor",LV,"WR67","13","","","2 out of 5 stars","+10"
"179",10,"AJ Barner",SEA,"TE22","11","","","3 out of 5 stars","-2"
"180",10,"Mike Washington Jr.",LV,"RB60","13","","","2 out of 5 stars","-17"
"181",10,"Kimani Vidal",LAC,"RB61","7","","","3 out of 5 stars","0"
"182",10,"Kayshon Boutte",NE,"WR68","11","","","2 out of 5 stars","-7"
"183",10,"Nicholas Singleton",TEN,"RB62","9","","","3 out of 5 stars","+9"
"184",10,"New England Patriots",NE,"DST6","11","","","3 out of 5 stars","-11"
"185",10,"Minnesota Vikings",MIN,"DST7","6","","","1 out of 5 stars","-6"
"186",10,"Brandon Aubrey",DAL,"K1","14","","","2 out of 5 stars","-57"
"187",10,"Pittsburgh Steelers",PIT,"DST8","9","","","5 out of 5 stars","+25"
"188",10,"Emanuel Wilson",SEA,"RB63","11","","","4 out of 5 stars","+44"
"189",10,"Ryan Flournoy",DAL,"WR69","14","","","2 out of 5 stars","+64"
"190",10,"Jacksonville Jaguars",JAC,"DST9","7","","","3 out of 5 stars","+11"
"191",10,"Dontayvion Wicks",PHI,"WR70","10","","","4 out of 5 stars","+51"
"192",10,"Calvin Ridley",TEN,"WR71","9","","","3 out of 5 stars","-14"
"193",10,"Dalton Schultz",HOU,"TE23","8","","","4 out of 5 stars","-49"
"194",10,"Kenyon Sadiq",NYJ,"TE24","13","","","4 out of 5 stars","-52"
"195",10,"Kaytron Allen",WAS,"RB64","7","","","4 out of 5 stars","+9"
"196",10,"Los Angeles Chargers",LAC,"DST10","7","","","3 out of 5 stars","+28"
"197",10,"Ka'imi Fairbairn",HOU,"K2","8","","","2 out of 5 stars","-23"
"198",10,"Cameron Dicker",LAC,"K3","7","","","2 out of 5 stars","-37"
"199",10,"Jacoby Brissett",ARI,"QB27","14","","","2 out of 5 stars","+14"
"200",10,"James Conner",ARI,"RB65","14","","","2 out of 5 stars","-41"
"201",11,"Cam Little",JAC,"K4","7","","","4 out of 5 stars","-25"
"202",11,"Rashod Bateman",BAL,"WR72","13","","","4 out of 5 stars","+94"
"203",11,"Isaac TeSlaa",DET,"WR73","6","","","4 out of 5 stars","+28"
"204",11,"Pat Bryant",DEN,"WR74","10","","","2 out of 5 stars","+29"
"205",11,"Malik Washington",MIA,"WR75","6","","","3 out of 5 stars","+30"
"206",11,"Baltimore Ravens",BAL,"DST11","13","","","5 out of 5 stars","-15"
"207",11,"Jason Myers",SEA,"K5","11","","","4 out of 5 stars","-40"
"208",11,"Jaydon Blue",DAL,"RB66","14","","","4 out of 5 stars","-2"
"209",11,"Tank Dell",HOU,"WR76","8","","","3 out of 5 stars","-7"
"210",11,"T.J. Hockenson",MIN,"TE25","6","","","4 out of 5 stars","-63"
"211",11,"Green Bay Packers",GB,"DST12","11","","","2 out of 5 stars","+25"
"212",11,"Kansas City Chiefs",KC,"DST13","5","","","3 out of 5 stars","+51"
"213",11,"Troy Franklin",DEN,"WR77","10","","","2 out of 5 stars","+43"
"214",11,"Jaylin Noel",HOU,"WR78","8","","","3 out of 5 stars","+64"
"215",11,"Eddy Pineiro",SF,"K6","8","","","5 out of 5 stars","+8"
"216",11,"Tyler Loop",BAL,"K7","13","","","3 out of 5 stars","-34"
"217",11,"Darnell Mooney",NYG,"WR79","8","","","4 out of 5 stars","+52"
"218",11,"Pat Freiermuth",PIT,"TE26","9","","","2 out of 5 stars","+44"
"219",11,"Jaylen Wright",MIA,"RB67","6","","","3 out of 5 stars","+3"
"220",11,"Gunnar Helm",TEN,"TE27","9","","","3 out of 5 stars","-30"
"221",11,"Cairo Santos",CHI,"K8","10","","","0 out of 5 stars","+31"
"222",11,"Evan McPherson",CIN,"K9","6","","","2 out of 5 stars","+60"
"223",11,"Antonio Williams",WAS,"WR80","7","","","2 out of 5 stars","-3"
"224",11,"Jake Bates",DET,"K10","6","","","5 out of 5 stars","-17"
"225",11,"Andy Borregales",NE,"K11","11","","","1 out of 5 stars","-15"
"226",11,"Zachariah Branch",ATL,"WR81","11","","","3 out of 5 stars","-11"
"227",11,"Detroit Lions",DET,"DST14","6","","","5 out of 5 stars","-2"
"228",11,"Aaron Rodgers",PIT,"QB28","9","","","2 out of 5 stars","+2"
"229",11,"Buffalo Bills",BUF,"DST15","7","","","3 out of 5 stars","+36"
"230",11,"Chase McLaughlin",TB,"K12","10","","","3 out of 5 stars","+19"
"231",11,"Ollie Gordon II",MIA,"RB68","6","","","3 out of 5 stars","+88"
"232",11,"George Holani",SEA,"RB69","11","","","4 out of 5 stars","+26"
"233",11,"Geno Smith",NYJ,"QB29","13","","","4 out of 5 stars","+6"
"234",11,"Cade Otton",TB,"TE28","10","","","2 out of 5 stars","-49"
"235",11,"Cooper Kupp",SEA,"WR82","11","","","3 out of 5 stars","+31"
"236",11,"Harrison Mevis",LAR,"K13","11","","","2 out of 5 stars","-50"
"237",11,"Demond Claiborne",MIN,"RB70","6","","","4 out of 5 stars","-21"
"238",11,"Cleveland Browns",CLE,"DST16","11","","","5 out of 5 stars","+62"
"239",11,"Greg Dulcich",MIA,"TE29","6","","","5 out of 5 stars","+2"
"240",11,"Germie Bernard",PIT,"WR83","9","","","3 out of 5 stars","+10"
"241",11,"David Njoku",LAC,"TE30","7","","","4 out of 5 stars","-85"
"242",11,"Keenan Allen",IND,"WR84","13","","","4 out of 5 stars","+34"
"243",11,"Chimere Dike",TEN,"WR85","9","","","3 out of 5 stars","+16"
"244",12,"Elic Ayomanor",TEN,"WR86","9","","","3 out of 5 stars","+29"
"245",12,"Chris Boswell",PIT,"K14","9","","","4 out of 5 stars","-27"
"246",12,"Keon Coleman",BUF,"WR87","7","","","4 out of 5 stars","+45"
"247",12,"Kaelon Black",SF,"RB71","8","","","2 out of 5 stars","+8"
"248",12,"Ted Hurst III",TB,"WR88","10","","","4 out of 5 stars","+41"
"249",12,"Colby Parkinson",LAR,"TE31","11","","","4 out of 5 stars","-49"
"250",12,"Harrison Butker",KC,"K15","5","","","5 out of 5 stars","-33"
"251",12,"Isaiah Davis",NYJ,"RB72","13","","","3 out of 5 stars","+93"
"252",12,"Jordan James",SF,"RB73","8","","","2 out of 5 stars","+23"
"253",12,"Justice Hill",BAL,"RB74","13","","","3 out of 5 stars","-19"
"254",12,"Evan Engram",DEN,"TE32","10","","","4 out of 5 stars","+33"
"255",12,"Tory Horton",SEA,"WR89","11","","","3 out of 5 stars","+42"
"256",12,"Ja'Kobi Lane",BAL,"WR90","13","","","4 out of 5 stars","-73"
"257",12,"Chris Brooks",GB,"RB75","11","","","4 out of 5 stars","+80"
"258",12,"Fernando Mendoza",LV,"QB30","13","","","1 out of 5 stars","-50"
"259",12,"Malachi Fields",NYG,"WR91","8","","","4 out of 5 stars","-33"
"260",12,"Jack Bech",LV,"WR92","13","","","2 out of 5 stars","+41"
"261",12,"Elijah Sarratt",BAL,"WR93","13","","","4 out of 5 stars","+37"
"262",12,"Chris Bell",MIA,"WR94","6","","","3 out of 5 stars","+37"
"263",12,"Tyquan Thornton",KC,"WR95","5","","","2 out of 5 stars","-"
"264",12,"Ty Johnson",BUF,"RB76","7","","","2 out of 5 stars","-3"
"265",12,"Malik Davis",DAL,"RB77","14","","","4 out of 5 stars","+81"
"266",12,"Samaje Perine",CIN,"RB78","6","","","2 out of 5 stars","+26"
"267",12,"Eli Stowers",PHI,"TE33","10","","","4 out of 5 stars","-56"
"268",12,"Christian Kirk",SF,"WR96","8","","","2 out of 5 stars","+2"
"269",12,"Theo Johnson",NYG,"TE34","8","","","3 out of 5 stars","-42"
"270",12,"Caleb Douglas",MIA,"WR97","6","","","3 out of 5 stars","+4"
"271",12,"Tua Tagovailoa",ATL,"QB31","11","","","4 out of 5 stars","-34"
"272",12,"DJ Giddens",IND,"RB79","13","","","4 out of 5 stars","+66"
"273",12,"Devin Neal",NO,"RB80","8","","","3 out of 5 stars","-22"
"274",12,"Wil Lutz",DEN,"K16","10","","","1 out of 5 stars","-34"
"275",12,"Will Reichard",MIN,"K17","6","","","2 out of 5 stars","-47"
"276",12,"Darius Slayton",NYG,"WR98","8","","","4 out of 5 stars","+65"
"277",12,"Devaughn Vele",NO,"WR99","8","","","3 out of 5 stars","+17"
"278",12,"Marvin Mims Jr.",DEN,"WR100","10","","","2 out of 5 stars","+5"
"279",12,"LeQuint Allen Jr.",JAC,"RB81","7","","","4 out of 5 stars","+45"
"280",12,"Mason Taylor",NYJ,"TE35","13","","","4 out of 5 stars","-61"
"281",12,"Trey Benson",ARI,"RB82","14","","","2 out of 5 stars","-72"
"282",12,"Xavier Legette",CAR,"WR101","5","","","2 out of 5 stars","+54"
"283",12,"Atlanta Falcons",ATL,"DST17","11","","","4 out of 5 stars","+25"
"284",12,"San Francisco 49ers",SF,"DST18","8","","","3 out of 5 stars","+9"
"285",12,"Kaleb Johnson",PIT,"RB83","9","","","2 out of 5 stars","-37"
"286",12,"Seth McGowan",IND,"RB84","13","","","4 out of 5 stars","+56"
"287",12,"Cyrus Allen",KC,"WR102","5","","","2 out of 5 stars","-19"
"288",12,"Oscar Delp",NO,"TE36","8","","","2 out of 5 stars","-"
"289",12,"Najee Harris",NYG,"RB85","8","","","4 out of 5 stars","-35"
"290",12,"Devin Singletary",NYG,"RB86","8","","","4 out of 5 stars","-10"
"291",12,"New Orleans Saints",NO,"DST19","8","","","5 out of 5 stars","+11"
"292",12,"Adam Randall",BAL,"RB87","13","","","3 out of 5 stars","+43"
"293",12,"Kyle Williams",NE,"WR103","11","","","2 out of 5 stars","-5"
"294",12,"Kendre Miller",NO,"RB88","8","","","3 out of 5 stars","-30"
"295",12,"Emari Demercado",KC,"RB89","5","","","3 out of 5 stars","+45"
"296",12,"Michael Penix Jr.",ATL,"QB32","11","","","4 out of 5 stars","-52"
"297",12,"Shedeur Sanders",CLE,"QB33","11","","","4 out of 5 stars","-50"
"298",12,"Kirk Cousins",LV,"QB34","13","","","1 out of 5 stars","-41"
"299",12,"Brandon Aiyuk",SF,"WR104","8","","","2 out of 5 stars","-61"
"300",12,"Mike Gesicki",CIN,"TE37","6","","","3 out of 5 stars","+9"
"301",12,"Brashard Smith",KC,"RB90","5","","","3 out of 5 stars","-34"
"302",12,"Deshaun Watson",CLE,"QB35","11","","","4 out of 5 stars","-31"
"303",13,"Hollywood Brown",PHI,"WR105","10","","","4 out of 5 stars","+28"
"304",13,"Skyler Bell",BUF,"WR106","7","","","4 out of 5 stars","+39"
"305",13,"Mack Hollins",NE,"WR107","11","","","2 out of 5 stars","-"
"306",13,"Jerome Ford",WAS,"RB91","7","","","4 out of 5 stars","+24"
"307",13,"Trevor Etienne",CAR,"RB92","5","","","1 out of 5 stars","-"
"308",13,"Isaiah Bond",CLE,"WR108","11","","","3 out of 5 stars","-"
"309",13,"Jake Tonges",SF,"TE38","8","","","3 out of 5 stars","-80"
"310",13,"Indianapolis Colts",IND,"DST20","13","","","5 out of 5 stars","-4"
"311",13,"Charlie Smyth",NO,"K18","8","","","5 out of 5 stars","+9"
"312",13,"Andrei Iosivas",CIN,"WR109","6","","","4 out of 5 stars","+22"
"313",13,"Tyreek Hill",FA,"WR110","-","","","-","-117"
"314",13,"Isaac Guerendo",SF,"RB93","8","","","2 out of 5 stars","-"
"315",13,"Jarquez Hunter",LAR,"RB94","11","","","5 out of 5 stars","-34"
"316",13,"Chicago Bears",CHI,"DST21","10","","","2 out of 5 stars","-31"
"317",13,"Tahj Brooks",CIN,"RB95","6","","","2 out of 5 stars","-"
"318",13,"Darnell Washington",PIT,"TE39","9","","","2 out of 5 stars","-"
"319",13,"Jaleel McLaughlin",DEN,"RB96","10","","","2 out of 5 stars","-"
"320",13,"Audric Estime",NO,"RB97","8","","","3 out of 5 stars","-43"
"321",13,"Will Shipley",PHI,"RB98","10","","","4 out of 5 stars","-"
"322",13,"Darren Waller",CAR,"TE40","5","","","2 out of 5 stars","+11"
"323",13,"Michael Mayer",LV,"TE41","13","","","3 out of 5 stars","+5"
"324",13,"Jahan Dotson",ATL,"WR111","11","","","3 out of 5 stars","+8"
"325",13,"Elijah Arroyo",SEA,"TE42","11","","","3 out of 5 stars","-"
"326",13,"Jalen Tolbert",MIA,"WR112","6","","","3 out of 5 stars","-40"
"327",13,"Dallas Cowboys",DAL,"DST22","14","","","1 out of 5 stars","-81"
"328",13,"Tez Johnson",TB,"WR113","10","","","4 out of 5 stars","-"
"329",13,"Konata Mumpfield",LAR,"WR114","11","","","1 out of 5 stars","-"
"330",13,"J.J. McCarthy",MIN,"QB36","6","","","5 out of 5 stars","-70"
"331",13,"DeMario Douglas",NE,"WR115","11","","","2 out of 5 stars","-"
"332",13,"Kareem Hunt",FA,"RB99","-","","","-","-37"
"333",13,"Tyler Higbee",LAR,"TE43","11","","","4 out of 5 stars","-"
"334",13,"Cedric Tillman",CLE,"WR116","11","","","3 out of 5 stars","-"
"335",13,"Carson Beck",ARI,"QB37","14","","","2 out of 5 stars","-56"
"336",13,"Max Klare",LAR,"TE44","11","","","4 out of 5 stars","-32"
"337",13,"Joe Mixon",FA,"RB100","-","","","-","-92"
"338",13,"Calvin Austin III",NYG,"WR117","8","","","4 out of 5 stars","-"
"339",13,"Luke McCaffrey",WAS,"WR118","7","","","2 out of 5 stars","-"
"340",13,"Chris Brazzell II",CAR,"WR119","5","","","2 out of 5 stars","-"
"341",14,"Cole Kmet",CHI,"TE45","10","","","2 out of 5 stars","-"
"342",14,"Jalen Royals",KC,"WR120","5","","","2 out of 5 stars","-"
"343",14,"Brenen Thompson",LAC,"WR121","7","","","2 out of 5 stars","-4"
"344",14,"Bryce Lance",NO,"WR122","8","","","3 out of 5 stars","-"
"345",14,"Dawson Knox",BUF,"TE46","7","","","3 out of 5 stars","-"
"346",14,"Eli Raridon",NE,"TE47","11","","","4 out of 5 stars","-"
"347",14,"Noah Gray",KC,"TE48","5","","","4 out of 5 stars","-"
"348",14,"Carolina Panthers",CAR,"DST23","5","","","3 out of 5 stars","-36"
"349",14,"Mac Jones",SF,"QB38","8","","","1 out of 5 stars","-42"
"350",14,"Eli Heidenreich",PIT,"RB101","9","","","2 out of 5 stars","-"
"351",14,"Olamide Zaccheaus",ATL,"WR123","11","","","3 out of 5 stars","-"
"352",14,"Justin Joly",DEN,"TE49","10","","","4 out of 5 stars","-"
"353",14,"Erick All Jr.",CIN,"TE50","6","","","3 out of 5 stars","-"
"354",14,"New York Giants",NYG,"DST24","8","","","1 out of 5 stars","-111"
"355",14,"Charlie Kolar",LAC,"TE51","7","","","4 out of 5 stars","-"
"356",14,"Bam Knight",ARI,"RB102","14","","","2 out of 5 stars","-"
"357",14,"Ja'Tavion Sanders",CAR,"TE52","5","","","2 out of 5 stars","-41"
"358",14,"Tampa Bay Buccaneers",TB,"DST25","10","","","4 out of 5 stars","-48"
"359",14,"Justin Fields",KC,"QB39","5","","","2 out of 5 stars","-69"
"360",14,"Jake Elliott",PHI,"K19","10","","","5 out of 5 stars","-76"
"361",14,"Michael Carter",TEN,"RB103","9","","","3 out of 5 stars","-"
"362",14,"Kendrick Bourne",ARI,"WR124","14","","","2 out of 5 stars","-"
"363",14,"Joshua Palmer",BUF,"WR125","7","","","4 out of 5 stars","-18"
"364",14,"Treylon Burks",WAS,"WR126","7","","","2 out of 5 stars","-"
"365",14,"Ty Simpson",LAR,"QB40","11","","","3 out of 5 stars","-44"
"366",14,"Zane Gonzalez",MIA,"K20","6","","","2 out of 5 stars","-"
"367",14,"Kevin Coleman Jr.",MIA,"WR127","6","","","3 out of 5 stars","-"
"368",14,"Tyler Bass",BUF,"K21","7","","","2 out of 5 stars","-65"
"369",14,"Jawhar Jordan",HOU,"RB104","8","","","4 out of 5 stars","-"
"370",14,"Tutu Atwell",MIA,"WR128","6","","","3 out of 5 stars","-53"
"371",14,"J'Mari Taylor",JAC,"RB105","7","","","4 out of 5 stars","-"
"372",14,"KaVontae Turpin",DAL,"WR129","14","","","2 out of 5 stars","-"
"373",14,"Dont'e Thornton Jr.",LV,"WR130","13","","","2 out of 5 stars","-"
"374",14,"Xavier Hutchinson",HOU,"WR131","8","","","3 out of 5 stars","-"
"375",14,"Blake Grupe",IND,"K22","13","","","4 out of 5 stars","-"
"376",14,"Nick Chubb",FA,"RB106","-","","","-","-"
"377",14,"Raheim Sanders",CLE,"RB107","11","","","3 out of 5 stars","-"
"378",14,"Tennessee Titans",TEN,"DST26","9","","","2 out of 5 stars","-64"
"379",14,"Savion Williams",GB,"WR132","11","","","5 out of 5 stars","-"
"380",14,"Phil Mafah",DAL,"RB108","14","","","4 out of 5 stars","-"
"381",14,"Noah Fant",NO,"TE53","8","","","2 out of 5 stars","-"
"382",14,"Nick Folk",ATL,"K23","11","","","0 out of 5 stars","-60"
"383",14,"Malik Benson",LV,"WR133","13","","","2 out of 5 stars","-"
"384",14,"Zavion Thomas",CHI,"WR134","10","","","3 out of 5 stars","-"
"385",14,"Trey Smack",GB,"K24","11","","","4 out of 5 stars","-74"
"386",14,"Jaylin Lane",WAS,"WR135","7","","","2 out of 5 stars","-"
"387",14,"Nick Westbrook-Ikhine",IND,"WR136","13","","","4 out of 5 stars","-"
"388",14,"John Metchie III",CAR,"WR137","5","","","2 out of 5 stars","-"
"389",14,"Kalif Raymond",CHI,"WR138","10","","","3 out of 5 stars","-"
"390",14,"Roman Wilson",PIT,"WR139","9","","","3 out of 5 stars","-"
"391",14,"Anthony Richardson Sr.",IND,"QB41","13","","","4 out of 5 stars","-"
"392",14,"Daniel Carlson",LV,"K25","13","","","1 out of 5 stars","-"
"393",14,"Cincinnati Bengals",CIN,"DST27","6","","","4 out of 5 stars","-80"
"394",14,"Chad Ryland",ARI,"K26","14","","","2 out of 5 stars","-"
"395",14,"Joe Flacco",CIN,"QB42","6","","","3 out of 5 stars","-"
"396",14,"CJ Daniels",LAR,"WR140","11","","","1 out of 5 stars","-"
"397",14,"Jam Miller",NE,"RB109","11","","","2 out of 5 stars","-"
"398",14,"Mitchell Evans",CAR,"TE54","5","","","2 out of 5 stars","-"
"399",14,"Joey Slye",TEN,"K27","9","","","4 out of 5 stars","-"
"400",14,"Austin Ekeler",FA,"RB110","-","","","-","-128"
"401",14,"Ryan Fitzgerald",CAR,"K28","5","","","0 out of 5 stars","-"
"402",14,"Luke Musgrave",GB,"TE55","11","","","2 out of 5 stars","-"
"403",14,"Jameis Winston",NYG,"QB43","8","","","4 out of 5 stars","-"
"404",14,"Tommy Tremble",CAR,"TE56","5","","","2 out of 5 stars","-"
"405",14,"Miami Dolphins",MIA,"DST28","6","","","3 out of 5 stars","-76"
"406",14,"Sione Vaki",DET,"RB111","6","","","5 out of 5 stars","-"
"407",14,"Ben Sinnott",WAS,"TE57","7","","","1 out of 5 stars","-"
"408",14,"Daniel Bellinger",TEN,"TE58","9","","","3 out of 5 stars","-"
"409",15,"Ben Sauls",NYG,"K29","8","","","2 out of 5 stars","-"
"410",15,"Rasheen Ali",BAL,"RB112","13","","","3 out of 5 stars","-"
"411",15,"Devontez Walker",BAL,"WR141","13","","","4 out of 5 stars","-"
"412",15,"Washington Commanders",WAS,"DST29","7","","","2 out of 5 stars","-"
"413",15,"John Bates",WAS,"TE59","7","","","1 out of 5 stars","-"
"414",15,"Jake Moody",FA,"K30","-","","","-","-"
"415",15,"Roschon Johnson",CHI,"RB113","10","","","2 out of 5 stars","-"
"416",15,"Dameon Pierce",PHI,"RB114","10","","","4 out of 5 stars","-"
"417",15,"Las Vegas Raiders",LV,"DST30","13","","","4 out of 5 stars","-91"
"418",15,"Brandon McManus",FA,"K31","-","","","-","-"
"419",15,"Demarcus Robinson",SF,"WR142","8","","","2 out of 5 stars","-"
"420",15,"Jeremy McNichols",WAS,"RB115","7","","","4 out of 5 stars","-"
"421",15,"Kyle Juszczyk",SF,"RB116","8","","","2 out of 5 stars","-"
"422",15,"Cade Klubnik",NYJ,"QB44","13","","","4 out of 5 stars","-"
"423",15,"Damien Martinez",GB,"RB117","11","","","4 out of 5 stars","-"
"424",15,"Jordan Whittington",LAR,"WR143","11","","","1 out of 5 stars","-"
"425",15,"Zavier Scott",MIN,"RB118","6","","","4 out of 5 stars","-"
"426",15,"Terrell Jennings",FA,"RB119","-","","","-","-"
"427",15,"Spencer Shrader",IND,"K32","13","","","4 out of 5 stars","-"
"428",15,"New York Jets",NYJ,"DST31","13","","","4 out of 5 stars","-101"
"429",15,"Khalil Herbert",FA,"RB120","-","","","-","-"
"430",15,"Tommy Myers",FA,"TE60","-","","","-","-"
"431",15,"Tyler Goodson",ATL,"RB121","11","","","2 out of 5 stars","-"
"432",15,"Ashton Dulin",IND,"WR144","13","","","4 out of 5 stars","-"
"433",15,"Colbie Young",CIN,"WR145","6","","","4 out of 5 stars","-"
"434",15,"Marcus Mariota",WAS,"QB45","7","","","2 out of 5 stars","-"
"435",15,"Odell Beckham Jr.",NYG,"WR146","8","","","4 out of 5 stars","-"
"436",15,"Tai Felton",MIN,"WR147","6","","","5 out of 5 stars","-"
"437",15,"Jonnu Smith",FA,"TE61","-","","","-","-"
"438",15,"Marlin Klein",HOU,"TE62","8","","","4 out of 5 stars","-"
"439",15,"Ty Chandler",NO,"RB122","8","","","3 out of 5 stars","-"
"440",15,"Joe Milton III",DAL,"QB46","14","","","2 out of 5 stars","-"
"441",15,"Robert Henry Jr.",WAS,"RB123","7","","","4 out of 5 stars","-"
"442",15,"Dyami Brown",WAS,"WR148","7","","","2 out of 5 stars","-"
"443",15,"Dylan Laube",LV,"RB124","13","","","2 out of 5 stars","-"
"444",15,"Riley Leonard",IND,"QB47","13","","","4 out of 5 stars","-"
"445",15,"Deion Burks",IND,"WR149","13","","","4 out of 5 stars","-"
"446",15,"Frank Gore Jr.",BUF,"RB125","7","","","2 out of 5 stars","-"
"447",15,"Taysom Hill",FA,"TE63","-","","","-","-"
"448",15,"Zach Ertz",FA,"TE64","-","","","-","-"
"449",15,"Xavier Smith",LAR,"WR150","11","","","1 out of 5 stars","-"
"450",15,"Miles Sanders",FA,"RB126","-","","","-","-"
"451",15,"Donovan Edwards",MIA,"RB127","6","","","3 out of 5 stars","-"
"452",15,"Jalen Reagor",MIA,"WR151","6","","","3 out of 5 stars","-"
"453",15,"Elijah Tau-Tolliver",BAL,"RB128","13","","","3 out of 5 stars","-"
"454",15,"Jahdae Walker",CHI,"WR152","10","","","3 out of 5 stars","-"
"455",15,"Roman Hemby",LV,"RB129","13","","","2 out of 5 stars","-"
"456",15,"Juice Wells Jr.",ATL,"WR153","11","","","3 out of 5 stars","-"
"457",15,"Isaiah Williams",NYJ,"WR154","13","","","4 out of 5 stars","-"
"458",15,"Xavier Restrepo",TEN,"WR155","9","","","3 out of 5 stars","-"
"459",15,"Theo Wease Jr.",MIA,"WR156","6","","","3 out of 5 stars","-"
"460",15,"Austin Hooper",ATL,"TE65","11","","","3 out of 5 stars","-"
"461",15,"Greg Dortch",DET,"WR157","6","","","4 out of 5 stars","-"
"462",15,"Barion Brown",NO,"WR158","8","","","3 out of 5 stars","-"
"463",15,"Hunter Luepke",DAL,"RB130","14","","","4 out of 5 stars","-"
"464",15,"Jaydn Ott",KC,"RB131","5","","","3 out of 5 stars","-"
"465",15,"Kalel Mullings",TEN,"RB132","9","","","3 out of 5 stars","-"
"466",15,"DeAndre Hopkins",BAL,"WR159","13","","","4 out of 5 stars","-"
"467",15,"Myles Montgomery",FA,"RB133","-","","","-","-"
"468",15,"Adam Trautman",DEN,"TE66","10","","","4 out of 5 stars","-"
"469",15,"Jackson Hawes",BUF,"TE67","7","","","3 out of 5 stars","-"
"470",15,"Brandin Cooks",FA,"WR160","-","","","-","-"
"471",15,"Nate Boerkircher",JAC,"TE68","7","","","3 out of 5 stars","-"
"472",15,"Miles Davis",CAR,"RB134","5","","","1 out of 5 stars","-"
"473",15,"Ronnie Rivers",LAR,"RB135","11","","","5 out of 5 stars","-"
"474",15,"Tyler Lockett",LV,"WR161","13","","","2 out of 5 stars","-"
"475",16,"Antonio Gibson",FA,"RB136","-","","","-","-"
"476",16,"Elijah Higgins",ARI,"TE69","14","","","2 out of 5 stars","-"
"477",16,"Marquez Valdes-Scantling",DAL,"WR162","14","","","2 out of 5 stars","-"
"478",16,"Mitch Tinsley",CIN,"WR163","6","","","4 out of 5 stars","-"
"479",16,"Chris Blair",ATL,"WR164","11","","","3 out of 5 stars","-"
"480",16,"Quinn Ewers",MIA,"QB48","6","","","3 out of 5 stars","-"
"481",16,"Noah Whittington",HOU,"RB137","8","","","4 out of 5 stars","-"
"482",16,"Reggie Virgil",ARI,"WR165","14","","","2 out of 5 stars","-"
"483",16,"Tanner Koziol",JAC,"TE70","7","","","3 out of 5 stars","-"
"484",16,"Kenny McIntosh",FA,"RB138","-","","","-","-"
"485",16,"Matt Hibner",BAL,"TE71","13","","","4 out of 5 stars","-"
"486",16,"Elijah Mitchell",FA,"RB139","-","","","-","-"
"487",16,"Michael Woods II",DEN,"WR166","10","","","2 out of 5 stars","-"
"488",16,"Josh Oliver",MIN,"TE72","6","","","4 out of 5 stars","-"
"489",16,"Tim Patrick",NYJ,"WR167","13","","","4 out of 5 stars","-"
"490",16,"Tyler Conklin",DET,"TE73","6","","","3 out of 5 stars","-"
"491",16,"Luke Schoonmaker",DAL,"TE74","14","","","2 out of 5 stars","-"
"492",16,"Gardner Minshew II",ARI,"QB49","14","","","2 out of 5 stars","-"
"493",16,"Van Jefferson",WAS,"WR168","7","","","2 out of 5 stars","-"
"494",16,"Sam Roush",CHI,"TE75","10","","","2 out of 5 stars","-"
"495",16,"Trey Lance",LAC,"QB50","7","","","2 out of 5 stars","-"
"496",16,"Jalen Milroe",SEA,"QB51","11","","","4 out of 5 stars","-"
"497",16,"Jimmy Horn Jr.",CAR,"WR169","5","","","2 out of 5 stars","-"
"498",16,"Michael Trigg",DAL,"TE76","14","","","2 out of 5 stars","-193"
"499",16,"JuJu Smith-Schuster",FA,"WR170","-","","","-","-"